A,B,C,D,E,F,G,H,I,J
88,41,55,48,19,24,32,92,26,66
75,94,91,5,6,93,2,78,14,53
8,16,10,8,13,83,55,56,3,30
81,57,14,86,13,92,92,55,57,99
29,95,62,40,23,51,82,79,10,32
67,15,68,79,69,89,41,7,62,79
25,4,13,51,26,69,13,7,83,40
42,87,25,57,33,0,36,45,38,20
10,8,9,96,8,7,24,89,30,8
40,71,1,51,93,57,89,39,73,69
29,68,92,78,57,25,72,36,8,87
85,71,83,18,26,23,66,10,3,2
93,40,16,99,53,57,44,53,54,86
29,58,98,6,71,58,69,15,76,57
82,28,66,94,14,35,33,39,21,84
36,0,78,29,22,81,2,41,24,7
25,44,84,3,30,84,92,56,76,67
18,20,21,69,81,69,67,66,80,70
68,99,85,12,58,10,81,59,20,46
78,15,16,43,11,88,54,30,43,89
22,59,64,70,28,68,42,16,56,45
74,99,1,48,68,95,58,75,78,8
53,73,17,66,38,30,40,8,76,62
56,45,43,27,20,13,46,4,73,20
93,43,55,98,40,32,24,8,47,21
45,20,72,14,25,41,91,73,5,20
10,46,65,93,58,2,29,46,20,61
18,24,39,100,43,19,96,17,87,83
21,10,4,76,92,18,49,21,12,25
49,73,99,67,6,12,96,97,29,99
15,9,1,5,65,90,35,31,87,8
28,69,14,75,58,84,99,72,47,47
31,79,37,0,13,29,29,69,26,46
39,7,86,20,5,23,98,65,73,52
47,90,13,71,46,26,46,4,54,74
5,44,21,34,80,27,57,55,2,53
83,91,16,10,100,57,48,41,0,18
69,15,55,11,12,85,95,75,23,50
91,41,79,11,7,86,12,18,79,6
45,30,15,61,5,77,54,20,2,29
100,93,4,26,28,30,83,30,73,94
90,94,16,51,65,61,47,19,49,31
42,14,61,18,99,7,99,62,77,53
71,4,95,25,51,5,10,94,58,75
55,20,66,64,48,45,18,47,2,48
95,80,2,30,5,35,24,73,81,48
27,19,66,73,87,92,76,57,61,93
43,83,15,70,46,13,44,7,12,92
14,8,58,37,62,71,72,86,4,96
35,1,10,42,94,45,49,91,78,53
39,11,47,66,67,40,25,48,42,73
43,12,50,58,91,32,26,10,53,87
31,77,13,80,70,52,94,62,39,37
40,43,52,16,90,50,22,92,58,14
54,42,82,72,6,5,58,3,54,78
50,49,36,44,54,25,61,6,4,97
32,26,99,63,24,64,82,60,43,62
58,74,67,12,70,11,69,66,26,61
45,36,86,87,73,34,39,53,25,75
78,13,28,72,60,13,8,27,81,82
91,68,39,11,36,90,26,13,95,55
21,42,11,45,18,67,90,21,34,62
38,27,98,86,91,90,68,48,0,14
11,77,65,5,95,66,0,47,88,67
75,31,71,24,54,49,83,50,87,43
82,80,43,56,90,31,28,76,36,43
28,24,8,76,82,4,83,78,7,17
24,74,39,56,12,0,20,39,76,47
87,35,0,98,81,1,72,93,94,38
64,67,34,40,48,100,60,67,79,14
32,33,90,34,46,100,93,24,15,87
65,31,85,77,99,67,64,1,93,39
6,0,50,2,60,36,35,7,29,30
59,71,16,37,57,33,24,20,77,6
76,48,85,15,8,81,74,82,97,75
97,78,32,42,59,1,47,44,16,81
10,58,88,60,8,41,50,71,52,68
51,26,4,89,38,75,94,6,15,39
61,100,23,74,24,18,31,94,78,70
22,22,27,87,23,87,27,56,46,85
88,59,56,18,65,98,42,2,28,22
27,62,35,30,49,38,37,60,82,61
69,75,60,38,68,34,22,94,36,19
98,42,21,64,3,74,54,6,24,26
97,80,66,65,56,19,60,68,22,25
36,53,23,12,38,5,15,23,34,82
10,56,88,1,19,31,17,61,62,99
100,93,74,75,15,80,80,14,87,1
42,73,98,88,58,56,23,86,66,66
40,68,94,2,28,26,61,70,41,58
94,55,29,99,19,60,41,59,19,80
77,94,60,25,93,81,35,39,89,50
22,12,50,99,40,93,62,88,0,10
16,11,54,37,73,56,67,7,57,58
7,35,47,40,65,10,45,26,75,51
50,80,19,7,6,0,84,39,20,83
54,56,51,95,36,53,69,40,4,56
67,53,40,43,98,84,1,79,39,94
81,97,66,66,60,63,66,46,15,2
32,65,91,59,36,40,31,35,44,74
14,43,25,31,38,57,24,32,28,7
32,5,11,62,54,86,58,48,85,77
22,57,68,37,86,21,7,83,1,92
20,39,18,77,99,38,86,31,0,38
63,70,93,15,48,4,22,12,5,37
29,99,84,69,55,0,50,23,24,44
2,30,31,7,42,25,21,30,96,97
8,15,85,92,6,13,62,4,55,83
1,66,97,73,99,88,79,23,70,93
14,78,76,63,90,49,74,30,88,75
80,85,94,70,83,66,77,45,39,98
95,6,95,20,76,74,22,98,23,77
36,23,55,22,29,59,9,61,52,36
13,67,29,11,20,63,57,100,90,22
2,8,67,54,49,61,47,20,11,1
34,55,83,67,36,51,10,54,20,71
29,81,47,72,2,26,99,71,65,33
69,59,88,96,87,18,96,45,84,50
53,51,63,54,55,45,40,20,59,10
53,15,73,3,70,99,87,88,41,39
96,63,6,95,72,73,62,46,42,2
29,7,62,39,26,43,49,87,14,1
75,46,9,63,5,6,52,55,3,15
43,41,73,47,75,6,2,49,68,61
36,81,33,45,14,67,48,85,43,0
39,20,25,11,57,18,75,31,57,72
85,73,70,29,97,1,65,99,32,82
9,45,54,67,9,20,14,92,75,38
23,1,34,42,58,15,2,48,87,97
5,60,16,55,83,80,14,72,33,43
57,85,50,30,72,58,50,65,11,80
75,18,97,61,37,5,61,55,66,57
74,72,93,40,90,59,67,98,41,47
78,56,6,0,5,45,79,20,43,65
47,83,21,73,68,33,24,72,65,87
72,93,40,99,27,11,56,42,33,78
24,52,31,50,19,3,80,96,32,51
48,19,98,34,98,77,26,85,98,79
39,48,28,72,83,77,61,61,28,99
6,34,30,58,8,3,85,21,50,45
60,72,43,72,91,91,90,58,51,8
86,5,7,47,8,9,42,28,81,97
95,41,51,82,10,11,68,34,58,87
44,77,3,23,56,95,46,64,8,53
29,57,44,100,33,76,22,12,19,81
66,93,65,32,84,45,23,67,93,41
65,32,54,92,14,61,84,42,92,36
17,100,77,46,96,20,34,86,3,86
18,0,32,100,90,42,42,44,18,4
73,94,87,1,70,14,12,57,35,80
45,97,77,24,64,68,8,12,92,18
62,82,80,19,76,89,93,51,28,88
46,29,61,98,53,21,86,97,86,87
0,25,9,47,22,98,5,79,54,38
8,3,84,46,83,58,49,41,95,1
37,67,47,33,3,80,0,46,20,29
85,96,22,31,32,17,20,37,77,92
80,3,41,28,33,16,27,9,38,18
44,75,57,85,46,62,84,51,85,42
4,43,80,39,66,18,8,12,76,16
98,32,54,39,45,73,60,29,91,59
76,52,71,42,36,61,1,74,33,70
82,54,38,46,30,76,61,93,48,64
62,14,38,18,85,11,44,32,77,39
39,42,55,15,39,55,21,19,29,65
88,52,21,28,96,59,5,32,38,31
96,0,80,83,27,15,7,77,66,51
90,18,91,93,95,16,78,68,93,37
84,8,82,68,32,90,11,83,76,42
70,40,37,88,64,34,51,60,81,51
29,68,79,25,53,95,28,36,100,10
30,29,34,47,59,32,24,49,87,16
2,81,44,49,54,54,91,30,39,32
80,8,91,2,50,75,75,5,63,60
2,72,15,29,97,41,75,41,51,50
73,82,67,79,10,6,90,29,72,41
36,34,56,52,18,40,86,81,82,91
43,79,41,39,22,81,37,100,89,9
40,36,36,23,100,72,16,42,63,74
17,2,7,75,29,52,26,45,83,1
26,66,87,37,40,0,75,35,80,87
6,43,66,76,81,57,21,93,29,19
65,95,37,88,0,15,10,76,89,95
79,10,54,46,90,65,35,38,38,10
33,21,95,37,11,41,56,49,66,33
78,7,73,16,45,65,72,3,67,12
96,97,26,36,70,66,69,13,70,89
7,92,62,10,64,38,66,1,100,5
38,10,67,46,42,2,100,45,1,62
51,15,63,59,16,56,86,98,87,52
49,91,90,11,76,75,96,76,93,28
76,54,14,62,34,2,88,46,38,29
64,70,18,48,14,31,51,13,21,24
13,28,10,13,79,48,17,0,56,10
13,75,54,27,83,39,81,49,14,49
22,75,49,46,41,32,27,56,74,92
4,82,6,96,47,83,8,78,63,88
86,87,71,98,34,42,32,84,99,38
89,99,20,25,60,12,85,8,68,33
34,52,33,98,84,37,61,44,57,46
19,23,29,92,60,8,50,94,65,19
29,87,9,63,76,47,15,21,90,88
28,92,17,92,42,20,67,93,44,56
37,53,27,35,59,85,69,42,66,26
37,74,93,82,10,99,95,67,18,28
17,81,15,31,84,72,95,6,8,75
50,61,49,22,78,78,9,37,43,69
28,70,67,2,26,67,23,72,97,41
76,75,93,58,85,78,45,66,1,96
99,80,90,51,68,69,96,67,79,42
86,26,70,43,65,39,87,55,87,5
73,37,79,31,28,86,22,63,87,82
12,21,23,92,73,41,47,44,24,45
58,96,41,61,27,23,51,80,52,41
42,48,4,39,32,12,51,80,26,100
6,81,67,87,15,45,20,56,84,93
4,78,8,72,96,96,60,20,77,2
76,41,98,40,73,53,66,51,38,29
97,11,96,46,21,0,60,87,95,64
35,83,60,52,63,58,37,66,26,24
67,88,40,47,90,37,42,11,66,60
24,36,27,70,23,5,31,67,59,9
44,85,4,43,58,35,16,67,40,75
92,10,33,8,22,24,13,55,47,42
24,75,82,89,17,70,93,74,96,16
14,25,57,70,62,76,24,14,35,30
58,3,1,44,24,92,77,61,78,96
29,81,30,66,91,13,66,97,51,54
16,55,48,61,52,58,62,16,27,90
83,86,24,22,51,97,8,11,44,33
14,38,32,66,78,73,3,11,12,33
38,35,77,61,0,35,91,18,3,72
65,57,54,83,6,30,92,53,3,43
61,37,59,77,87,26,33,50,95,0
45,27,79,2,95,35,86,91,2,75
96,29,64,66,14,78,36,43,38,19
50,74,22,7,16,92,82,22,66,62
70,29,31,60,16,12,38,75,75,60
62,65,99,84,34,71,4,87,68,90
31,24,52,36,80,100,72,94,82,24
46,78,45,91,40,73,21,13,20,71
85,57,76,74,19,69,94,90,60,32
13,80,62,100,20,38,70,89,21,24
39,43,2,61,49,69,84,91,7,42
66,100,96,27,46,60,19,98,29,50
30,97,60,81,92,63,70,42,41,12
63,16,92,53,22,35,48,80,34,27
52,10,23,18,83,25,68,57,70,56
32,49,54,66,83,24,56,14,35,70
10,59,55,56,74,59,4,14,85,2
46,22,64,6,27,62,85,22,45,89
23,17,7,41,26,81,91,54,8,89
80,99,16,98,53,7,73,45,96,99
49,17,28,57,23,100,54,91,83,56
61,15,96,60,63,62,17,7,61,4
74,82,90,79,7,90,48,68,17,56
91,30,88,100,20,77,13,57,23,48
55,26,24,69,1,66,40,70,92,99
27,48,69,40,39,80,67,66,34,51
94,79,25,3,79,5,75,50,84,69
28,57,7,34,5,99,84,44,7,14
95,28,10,89,0,62,73,15,98,20
97,11,21,78,57,39,83,51,28,57
8,8,89,79,49,95,2,100,72,61
94,76,2,99,50,16,95,41,55,99
99,44,25,39,17,67,14,28,97,95
28,76,42,23,24,90,34,96,22,94
11,30,20,47,27,95,7,13,44,8
89,27,79,59,14,23,92,1,75,57
59,96,24,9,98,65,96,57,35,27
55,80,74,24,78,100,91,0,9,81
51,76,98,62,51,72,54,83,23,15
90,87,29,72,72,77,0,94,35,19
9,39,68,38,39,26,38,44,59,24
20,99,4,75,25,89,75,63,52,100
40,62,17,82,90,94,61,14,83,5
43,51,69,8,44,21,82,21,38,51
46,71,17,62,48,7,53,85,84,85
10,72,2,54,20,16,26,29,97,43
56,79,98,32,7,42,3,77,52,16
20,83,81,35,7,6,47,41,91,23
26,37,72,42,3,80,0,21,41,15
12,25,87,32,39,89,44,34,77,42
54,72,51,12,63,10,33,65,90,51
80,23,5,12,8,82,36,35,27,30
44,36,22,15,27,51,63,67,44,89
52,12,32,7,91,53,48,92,5,60
7,34,5,83,48,92,86,94,76,43
74,91,9,47,33,9,73,96,62,32
16,52,57,52,32,86,42,36,38,28
0,34,58,88,19,19,27,38,29,99
47,100,18,96,77,11,93,3,86,68
19,17,68,74,44,1,45,84,26,88
35,81,41,85,92,77,2,81,82,28
60,11,5,0,30,55,99,36,99,44
52,40,20,47,58,45,51,12,93,83
68,4,91,13,55,99,67,8,16,97
30,50,95,43,37,86,32,88,43,83
0,68,83,18,60,60,84,23,17,52
36,75,36,78,3,45,34,61,36,36
20,39,0,100,4,42,58,13,5,39
3,56,39,81,16,81,90,11,57,44
43,88,81,24,41,48,18,88,3,8
82,38,39,29,97,84,12,9,12,66
61,39,31,81,60,3,97,80,53,74
54,19,44,23,42,63,37,5,93,1
21,22,23,40,41,5,6,24,41,68
75,78,74,94,5,42,84,7,72,49
93,84,68,9,55,78,49,26,65,28
43,5,22,60,4,56,82,74,13,28
52,34,18,70,18,64,78,64,46,40
52,17,36,78,98,8,30,25,11,23
61,92,73,58,71,14,95,46,93,88
36,70,33,56,9,94,3,3,66,67
49,31,0,0,92,83,64,12,87,59
31,16,98,14,1,67,50,88,92,77
18,1,80,21,95,81,79,76,25,34
75,92,79,51,68,53,17,23,28,31
93,32,43,11,31,39,4,50,34,46
19,15,83,56,28,14,96,74,20,20
75,95,23,7,94,32,33,39,88,91
34,26,31,23,97,53,69,69,23,53
50,35,35,60,34,41,52,94,40,21
49,98,73,35,74,35,60,32,61,42
97,11,51,27,78,86,56,93,100,77
25,96,27,33,88,81,25,73,45,46
37,1,68,40,96,85,85,55,88,88
43,47,25,45,55,90,90,62,22,23
12,93,64,3,62,7,2,17,13,34
15,3,69,1,49,13,51,77,8,76
45,35,93,2,95,70,41,62,42,0
61,53,77,96,51,99,48,85,93,87
14,70,34,10,1,89,55,15,62,5
18,46,67,89,31,16,9,62,32,99
71,78,98,32,94,56,75,43,27,15
15,72,37,68,46,60,0,71,13,61
22,12,14,29,4,30,44,35,27,75
1,11,72,51,42,20,17,67,37,57
98,8,24,11,1,41,7,21,83,54
48,64,41,0,36,1,35,49,9,9
79,70,72,7,54,100,44,3,17,22
57,91,6,74,29,38,46,97,65,12
28,58,26,100,25,20,43,88,62,31
54,99,59,12,3,55,46,89,85,57
63,90,11,41,43,34,1,25,74,100
3,19,28,5,77,95,6,51,73,7
67,88,64,27,44,98,31,59,15,33
30,64,94,19,85,46,99,97,59,5
78,60,36,6,59,67,29,26,56,1
98,22,60,76,1,39,63,93,30,46
59,72,11,73,99,82,40,71,50,16
18,30,78,39,24,27,81,97,68,40
21,38,47,59,55,36,83,4,25,40
58,36,55,39,13,65,73,5,79,86
30,57,66,10,32,56,45,64,65,44
16,89,33,19,2,85,84,95,15,3
71,87,29,28,90,33,77,17,38,2
4,60,97,0,14,97,96,90,57,95
82,37,26,56,32,61,49,43,66,19
16,63,78,32,25,37,41,79,12,76
87,30,23,77,13,13,2,16,79,86
23,24,100,34,93,81,1,99,26,30
78,95,35,16,40,52,70,44,32,96
99,78,92,47,51,32,38,63,40,89
40,49,20,4,55,69,28,51,55,0
27,8,10,65,48,81,27,19,54,95
4,7,18,21,78,90,79,11,40,26
68,71,20,94,29,31,95,11,97,95
89,19,93,71,89,99,68,77,62,66
44,85,17,66,39,26,92,62,2,46
79,90,14,40,53,60,30,42,18,2
29,11,93,24,7,26,44,6,61,16
85,43,62,67,31,63,17,18,9,91
73,26,22,57,7,23,4,17,46,98
25,53,90,7,89,35,16,33,57,40
4,85,48,26,56,14,93,29,71,67
57,44,64,57,15,43,27,85,41,86
23,46,25,39,74,55,26,53,40,70
6,6,42,13,1,18,3,4,44,88
40,63,75,47,25,28,60,82,16,95
90,79,43,45,63,98,79,83,63,68
15,53,26,86,38,40,2,100,70,77
25,32,73,28,74,39,100,40,23,39
30,55,100,36,16,56,14,52,99,100
10,91,82,21,90,29,59,77,97,23
57,45,44,84,27,14,100,86,2,34
67,22,83,72,21,51,45,13,1,63
36,41,41,13,97,13,81,96,90,95
55,73,47,35,24,89,68,40,51,77
32,75,71,51,54,9,93,5,99,6
52,32,7,66,5,60,86,85,80,48
10,38,15,16,41,48,34,49,80,83
67,46,5,82,3,26,67,93,19,5
60,79,84,56,97,14,40,67,64,17
6,92,9,31,31,21,31,3,90,13
88,69,68,10,17,9,76,81,43,69
61,66,90,37,39,65,75,88,64,71
41,63,10,61,64,30,39,88,61,97
63,81,42,96,30,34,72,78,0,11
89,20,76,38,39,9,61,19,34,57
84,77,81,24,55,84,94,30,65,87
86,74,93,49,68,74,95,30,9,83
73,88,21,29,67,39,0,61,17,19
20,60,1,29,37,87,13,83,75,73
5,54,23,59,94,52,51,69,61,86
21,86,96,63,24,90,94,37,23,15
46,4,97,79,94,39,0,43,30,2
89,89,73,66,91,8,89,10,56,97
58,10,90,14,47,50,6,28,76,43
79,74,30,12,19,99,63,54,89,32
81,27,54,47,65,17,42,96,55,2
95,97,14,59,52,60,63,18,79,25
42,80,15,52,69,44,66,27,44,65
22,94,44,13,5,87,28,97,36,39
6,85,57,51,63,26,14,16,68,11
71,90,88,89,54,81,61,29,18,11
62,2,85,69,71,35,35,62,3,93
48,23,53,40,82,66,89,45,19,98
98,49,37,73,9,83,18,96,29,86
45,89,2,43,62,80,42,5,10,35
34,67,20,72,94,41,15,37,100,48
75,56,81,63,84,26,27,77,71,24
1,96,72,43,50,80,9,0,50,71
71,68,85,58,42,91,9,35,97,99
67,4,46,8,81,79,70,91,76,28
68,17,96,81,89,20,70,93,100,17
95,63,56,93,53,52,35,87,70,4
11,54,66,53,22,83,18,93,16,3
93,28,100,10,19,78,51,94,48,50
30,37,50,37,0,50,3,78,75,97
92,35,84,97,8,70,3,46,76,5
94,2,28,21,40,50,86,18,43,22
97,25,67,53,32,5,58,42,96,25
38,3,1,50,100,73,64,50,28,72
85,86,60,99,26,48,16,16,5,92
3,78,16,60,91,46,24,6,81,25
28,45,84,75,77,45,86,41,91,47
84,51,2,69,32,0,65,49,57,37
45,24,29,53,10,50,100,58,39,46
34,78,38,92,85,80,41,45,64,34
26,45,29,73,45,55,0,9,61,80
54,65,67,64,52,82,17,66,13,43
7,84,59,57,66,99,80,73,78,79
2,90,64,8,75,18,35,85,73,100
24,77,100,27,94,86,46,86,87,32
83,8,24,43,88,8,59,95,39,18
73,50,42,93,8,58,22,54,41,95
37,25,9,57,76,54,62,44,27,38
63,1,56,40,90,7,57,33,95,16
31,65,99,63,84,49,59,62,56,14
50,3,22,40,93,92,85,2,30,59
82,89,68,37,82,51,2,8,87,68
46,16,10,43,70,28,93,23,76,49
32,97,40,54,94,68,42,93,93,39
58,86,44,9,1,13,32,11,76,66
3,78,46,38,29,61,35,50,70,51
26,27,94,61,77,90,87,45,12,53
38,58,3,20,13,23,85,23,41,20
35,68,29,92,50,23,9,44,20,10
56,55,83,36,31,41,59,15,90,83
66,60,11,96,42,20,49,43,19,95
84,57,45,64,15,80,0,41,21,54
28,14,89,79,44,83,53,47,51,16
52,46,72,54,16,26,65,12,55,20
14,2,23,83,6,95,3,92,57,85
86,3,43,41,55,35,49,92,38,76
51,52,56,16,76,17,75,1,42,83
66,44,90,21,31,44,93,71,9,65
42,80,36,36,88,100,29,6,35,94
33,53,39,97,74,74,18,15,21,27
1,17,82,42,59,67,85,34,35,92
12,89,34,89,64,57,29,80,17,99
56,22,75,54,85,82,65,46,32,14
72,25,8,93,95,20,72,60,44,62
39,74,31,67,66,88,57,56,61,32
0,77,30,61,55,59,23,81,92,52
24,54,75,29,98,17,98,0,30,92
22,63,98,16,7,13,84,44,1,73
47,73,77,1,87,12,89,88,56,74
41,14,61,41,61,57,64,58,79,35
93,53,41,9,92,94,56,43,73,19
84,10,2,97,53,68,29,19,60,97
99,26,11,29,76,7,62,73,87,54
45,86,17,46,24,62,98,22,29,35
26,82,9,96,44,94,70,91,71,11
28,93,11,48,58,56,21,68,2,16
61,2,85,2,55,19,22,84,76,61
86,12,29,8,3,93,5,61,95,56
20,6,98,42,40,56,13,83,67,49
26,8,43,54,71,38,22,43,19,50
100,45,42,69,19,52,54,53,56,29
57,64,3,65,6,7,64,52,38,42
14,96,67,78,87,60,40,59,44,90
8,72,30,16,49,14,11,30,96,87
42,9,95,64,48,19,83,66,89,50
36,77,34,60,40,41,16,66,19,19
97,29,82,90,55,87,30,82,76,39
82,74,79,94,29,64,40,56,53,96
38,30,43,48,89,42,35,74,26,65
53,85,28,27,83,82,37,17,1,99
25,11,14,82,7,10,90,2,75,78
65,53,58,59,25,25,43,88,63,23
37,27,19,82,29,80,66,28,0,26
1,43,100,96,97,75,86,54,38,36
89,49,86,25,98,51,36,71,49,60
85,13,80,33,38,86,70,46,30,84
78,16,43,62,8,33,38,66,42,10
27,47,73,7,4,53,78,93,77,46
66,67,29,75,27,33,69,53,57,64
49,84,55,39,12,88,82,27,24,65
2,90,88,89,54,5,18,30,68,28
31,79,99,0,40,67,2,86,74,3
32,73,31,22,34,10,98,38,82,86
73,33,68,90,7,63,90,25,22,91
63,48,73,88,34,99,82,15,2,61
82,22,80,59,70,29,39,1,91,10
19,11,21,94,36,25,58,98,70,90
43,0,36,71,58,25,75,1,58,39
32,76,44,43,99,86,50,96,42,61
42,28,33,46,59,4,20,32,0,78
52,44,35,27,54,58,5,68,14,4
73,39,69,79,88,63,11,26,67,64
35,40,57,5,40,62,15,92,65,25
36,95,31,94,99,90,100,47,26,59
10,63,38,56,7,59,56,3,66,32
42,70,38,16,50,22,45,5,7,100
7,2,40,88,49,69,39,86,39,56
31,72,54,45,31,1,17,28,49,92
25,78,47,2,100,97,1,92,50,8
69,26,37,39,25,61,37,69,52,14
90,19,45,12,91,13,75,69,63,68
48,44,3,56,90,56,46,70,43,91
92,23,80,43,100,94,88,12,83,52
64,32,59,40,56,55,85,39,67,89
81,89,33,18,33,86,36,81,6,83
17,66,14,91,32,41,48,38,22,1
91,6,41,46,34,46,24,58,58,62
70,100,23,31,81,20,67,36,18,85
67,76,9,85,28,8,22,26,77,22
77,99,56,52,87,3,20,43,1,80
38,62,49,66,12,61,41,100,33,38
25,78,91,73,75,59,99,67,64,67
71,24,3,55,54,56,10,14,2,59
61,3,99,90,17,8,18,51,11,47
34,29,86,40,13,83,27,95,2,97
100,7,3,93,21,62,27,30,59,40
7,35,71,44,13,43,43,81,23,28
16,61,40,78,96,36,78,94,11,38
94,44,34,8,50,29,80,5,69,94
50,32,42,22,52,79,1,89,44,88
19,81,66,10,29,48,83,30,20,87
23,50,17,27,34,4,95,55,28,94
52,95,63,53,13,49,38,63,82,97
30,55,24,87,89,1,96,54,54,56
82,87,44,12,59,76,69,78,3,31
35,25,30,31,12,99,15,68,53,88
90,67,36,6,74,23,70,57,27,93
76,73,34,57,97,95,14,3,5,27
93,52,24,72,31,84,10,50,16,49
6,8,78,55,74,98,1,33,44,54
73,24,10,73,51,18,9,27,68,9
100,52,40,18,75,76,42,92,15,50
58,66,0,45,11,40,95,51,63,37
22,24,31,1,90,78,9,6,10,60
52,89,12,55,90,41,51,22,10,73
83,53,75,63,54,88,5,32,26,61
50,1,9,74,2,76,15,68,79,68
46,58,62,60,9,25,64,40,2,65
91,54,16,70,52,0,24,32,84,68
74,81,42,67,42,94,36,47,39,25
84,50,69,100,43,4,44,25,57,23
45,23,0,1,6,95,93,72,95,59
15,30,43,55,93,35,8,98,65,34
70,34,92,94,24,65,61,97,1,38
5,34,0,71,88,70,86,3,40,1
54,75,66,84,7,40,100,77,15,99
99,32,94,65,49,84,78,95,52,80
51,73,76,85,76,97,53,29,5,65
53,16,95,11,41,12,94,60,52,60
76,80,7,25,1,81,88,15,41,5
11,94,89,30,41,20,29,13,68,38
7,60,42,32,99,19,11,44,6,23
14,57,50,35,47,12,96,80,84,2
56,97,52,61,24,4,96,22,90,42
68,97,84,79,15,6,16,1,38,86
95,100,35,57,56,91,33,88,43,8
30,45,84,42,58,16,48,58,19,17
30,38,65,38,25,42,7,97,60,38
65,26,52,58,47,8,77,82,68,10
27,28,33,13,41,19,41,72,25,68
30,23,41,52,81,20,60,15,32,82
10,84,43,64,95,11,100,20,0,15
31,26,67,7,48,95,12,88,9,21
69,72,1,22,48,14,100,1,66,92
26,63,69,18,60,89,55,30,13,73
86,12,89,26,66,98,28,85,61,8
55,34,13,75,57,54,100,45,28,7
69,67,41,25,71,13,80,46,26,63
27,39,86,81,49,90,29,8,4,66
100,14,3,95,95,82,33,86,85,67
84,19,30,99,100,77,0,81,80,9
24,69,28,43,23,50,47,38,68,50
73,34,4,82,48,50,81,97,24,35
16,29,4,67,41,36,98,22,6,62
0,4,12,63,20,91,91,19,76,63
10,64,98,27,97,53,6,42,3,39
70,13,81,28,50,21,86,73,65,28
65,81,71,55,43,7,31,20,79,61
84,90,66,3,50,63,20,53,96,67
42,31,70,18,53,19,49,37,41,94
30,21,30,64,18,58,7,0,77,78
32,29,79,11,51,29,77,14,78,84
67,64,36,16,99,79,91,69,88,98
12,12,48,63,60,32,50,2,32,25
15,40,35,83,86,84,97,12,50,67
30,61,29,46,18,66,76,85,39,7
26,95,99,1,34,25,59,3,36,97
47,79,47,60,82,100,96,40,3,84
25,56,77,53,35,31,97,56,33,63
24,80,89,19,20,61,94,99,87,34
77,2,99,5,8,24,1,62,78,10
38,61,72,13,84,59,13,26,61,97
39,9,54,69,46,59,60,74,95,65
9,57,38,38,59,22,17,42,61,87
4,26,30,88,81,29,9,1,70,49
45,12,24,34,4,35,0,33,67,47
68,21,29,48,84,46,26,0,69,3
46,100,26,20,97,31,86,28,34,64
6,48,18,54,30,52,64,54,8,41
45,25,50,80,86,68,62,7,10,28
31,59,58,0,99,76,30,38,80,28
15,95,55,94,31,68,75,18,49,4
38,89,79,43,1,15,87,57,40,16
79,57,76,18,23,1,15,23,92,38
14,76,96,35,64,90,14,37,84,44
70,72,61,39,36,60,71,50,55,57
28,10,62,81,65,83,83,67,11,40
14,63,66,48,60,1,81,73,70,33
21,21,42,27,2,86,68,47,70,98
35,33,87,70,80,85,88,61,55,25
72,39,82,39,8,55,92,28,81,18
40,10,22,51,51,3,19,5,22,64
22,89,9,6,99,84,78,90,43,59
97,37,79,66,5,12,32,40,35,56
38,86,61,17,31,61,23,45,17,13
10,2,59,55,84,95,100,52,17,78
51,54,68,31,49,87,70,2,6,92
97,68,76,58,7,63,53,60,73,65
33,58,35,11,79,61,4,3,11,35
86,34,32,100,16,84,48,74,57,53
25,90,9,12,12,16,21,75,90,22
28,45,9,21,36,5,25,88,75,69
87,14,29,79,82,43,37,20,73,100
3,39,29,100,43,64,13,47,53,72
12,75,10,47,99,59,99,2,65,30
56,45,94,64,68,31,51,66,76,10
81,14,97,74,20,31,15,29,33,45
89,99,21,61,26,74,97,57,54,77
80,97,18,69,46,1,74,20,9,60
81,31,22,66,88,94,29,31,3,59
57,31,1,84,65,95,44,80,89,77
21,23,30,50,3,66,46,10,39,70
96,70,68,64,99,63,36,72,80,6
51,87,77,82,75,6,46,21,76,18
92,36,16,18,30,5,46,91,55,56
66,83,31,69,3,43,96,92,98,0
29,37,30,49,62,67,23,30,73,38
95,33,81,33,96,34,48,95,46,88
51,7,88,48,86,35,62,4,89,16
12,57,81,88,79,3,66,11,54,92
26,87,5,21,64,48,18,84,7,19
43,60,0,68,9,93,98,16,23,15
56,98,39,50,49,14,82,64,35,53
10,73,57,6,37,48,21,88,88,14
2,78,37,88,78,48,64,57,18,45
24,54,56,38,0,5,27,20,33,69
41,44,98,52,16,75,88,88,39,76
9,55,9,2,28,0,83,64,36,34
64,39,62,21,42,98,41,90,87,40
45,80,77,14,51,92,45,75,18,82
70,40,35,13,62,25,15,18,69,8
80,16,58,99,63,5,75,21,52,49
64,60,88,60,93,63,7,85,94,64
100,1,13,55,64,60,5,30,98,74
47,18,98,67,18,33,58,72,12,54
24,33,19,40,62,74,66,0,43,79
34,28,47,17,4,85,50,48,96,95
52,57,57,45,66,0,8,66,64,73
9,9,35,56,58,52,42,47,84,6
88,93,45,16,72,38,69,64,27,4
96,51,20,42,45,100,20,21,65,56
2,3,18,13,38,10,70,27,64,9
65,39,58,38,97,63,75,32,64,56
68,95,30,43,32,45,39,21,40,52
81,67,85,25,70,63,83,7,34,57
61,90,21,77,20,51,39,82,95,67
7,37,18,19,36,61,78,23,99,70
25,14,38,36,79,79,85,90,53,86
85,41,30,42,25,21,100,29,44,87
97,63,2,92,63,81,42,84,54,55
75,13,45,32,71,25,57,36,17,91
31,54,24,93,97,87,56,23,40,7
83,51,64,73,27,57,82,81,48,71
30,54,94,14,12,59,49,17,26,91
62,19,7,93,94,70,100,67,57,40
98,83,78,74,42,75,79,9,28,41
7,79,3,2,58,40,77,94,56,98
13,81,100,81,9,6,44,66,68,30
68,17,92,17,21,78,24,41,24,41
94,10,46,64,62,91,8,99,54,93
62,56,97,15,96,60,88,13,66,84
50,20,26,37,13,56,54,29,63,42
84,35,43,22,47,10,39,85,69,56
56,11,15,98,7,66,17,38,18,98
92,59,75,65,55,89,36,64,53,15
90,18,22,3,46,17,75,44,33,15
5,98,90,61,65,76,12,61,85,70
7,53,88,41,41,24,33,15,19,89
90,50,68,44,5,89,52,8,7,66
98,58,90,12,12,81,22,93,64,91
15,81,28,73,8,2,63,65,79,4
11,74,66,54,71,41,41,49,65,2
24,50,61,17,72,46,44,1,51,47
61,66,61,46,34,64,73,10,7,62
50,67,96,87,8,48,61,3,63,94
63,47,87,23,81,37,44,93,94,85
63,82,32,91,84,25,14,39,34,8
82,69,96,17,31,79,13,78,43,51
24,60,2,67,30,76,46,64,41,68
49,13,96,74,47,52,63,67,16,91
42,14,80,56,63,77,68,86,86,74
89,40,62,52,48,84,60,64,30,61
48,45,10,74,11,23,53,16,59,65
89,22,13,6,50,52,15,32,80,56
50,99,4,27,77,62,60,91,56,89
93,48,97,86,88,54,18,74,42,89
7,8,35,42,65,26,40,50,24,62
50,88,68,68,10,69,57,74,4,86
17,29,27,95,32,74,96,54,92,68
99,98,65,12,75,25,64,3,70,62
28,48,35,36,71,61,73,17,56,77
43,15,26,70,95,17,93,11,4,63
85,86,23,79,6,63,66,48,21,88
11,32,4,11,44,71,74,21,28,7
95,65,47,25,20,68,66,32,1,77
9,3,58,95,88,19,10,79,1,85
80,37,54,39,40,12,77,84,16,16
44,19,34,94,24,100,38,35,44,75
44,23,58,57,22,8,53,22,22,84
18,20,10,2,23,65,91,39,28,98
88,36,68,74,35,52,62,91,28,63
69,93,8,39,2,88,56,79,26,2
82,13,46,52,43,69,5,2,22,42
70,93,19,64,49,2,48,2,49,78
50,59,36,67,36,85,40,27,91,69
84,17,78,15,55,56,33,84,50,28
90,61,9,16,31,69,62,56,77,93
55,10,18,50,16,36,99,26,13,52
94,78,88,69,62,33,74,20,74,88
97,76,21,45,1,20,42,63,23,26
80,89,92,4,26,66,24,74,11,24
41,24,53,61,87,60,71,49,73,74
69,1,3,42,93,31,81,18,12,84
61,43,49,1,82,58,71,95,7,29
15,4,36,23,66,37,53,35,46,6
58,12,38,16,22,46,14,83,83,35
91,100,15,70,65,27,36,41,17,26
92,47,4,97,9,67,34,96,91,88
95,51,13,80,100,99,30,78,44,5
56,59,29,30,36,11,99,6,98,8
67,58,16,50,22,77,72,43,22,33
6,43,52,82,74,30,24,52,84,69
17,36,62,47,58,49,39,62,61,72
67,87,73,11,61,30,50,43,48,37
86,67,6,20,63,62,42,44,96,100
33,9,100,47,40,42,7,48,68,78
70,19,87,75,48,64,10,93,58,34
71,83,65,35,65,44,58,76,76,31
4,82,93,24,84,80,65,15,72,19
10,10,66,42,85,63,95,43,39,23
0,94,20,29,87,54,50,78,61,33
58,14,45,37,31,20,90,22,94,99
41,68,22,98,52,36,49,81,83,69
56,99,65,99,27,47,97,29,62,95
29,8,76,12,91,72,57,88,31,98
82,90,23,78,34,80,41,94,60,28
57,50,46,42,72,47,44,85,83,52
69,29,68,63,16,13,22,61,54,100
37,69,11,89,31,10,69,19,32,55
65,25,81,15,13,89,85,37,6,57
7,50,18,47,55,57,73,29,29,69
65,28,1,27,80,37,57,89,16,67
89,96,64,57,86,12,100,41,96,14
0,27,22,50,25,68,18,80,18,100
81,32,39,3,50,90,6,25,32,82
21,95,78,62,70,17,94,92,26,90
19,74,13,10,61,50,72,54,83,42
93,73,30,8,37,27,32,12,78,13
84,57,91,81,17,29,46,0,34,96
27,31,80,20,59,87,73,68,67,21
78,56,0,19,57,50,79,79,26,92
42,95,70,70,43,7,86,97,100,82
19,29,54,57,80,1,100,49,77,74
55,71,5,52,35,47,52,1,92,81
36,57,18,28,22,26,42,68,43,27
84,9,62,23,15,1,7,53,49,12
77,11,73,21,50,14,51,45,39,41
15,48,69,21,77,38,2,64,69,68
81,10,24,83,4,4,0,50,61,63
40,85,41,71,12,97,84,95,15,25
61,83,73,83,9,53,10,28,20,42
21,82,22,25,96,39,75,44,65,51
75,49,72,37,4,35,63,2,48,100
90,14,66,98,55,14,1,58,62,65
96,82,100,71,34,18,45,35,38,13
70,26,40,12,37,16,99,16,97,8
88,38,70,60,72,93,4,17,4,89
67,2,19,78,1,72,53,12,55,18
2,57,71,80,13,63,16,69,18,90
56,97,50,22,71,64,41,17,81,52
89,33,86,40,21,5,24,57,31,72
24,72,14,91,50,60,94,13,0,46
61,93,37,38,69,69,11,61,23,52
46,53,76,38,37,60,74,15,71,14
53,78,45,78,64,2,59,97,19,93
40,23,72,21,7,29,88,9,24,79
91,88,37,75,12,5,78,13,96,26
91,61,62,58,96,50,17,67,63,64
48,25,78,25,64,29,14,45,77,55
42,36,65,100,93,17,37,25,98,89
76,95,50,91,30,76,11,79,58,83
95,58,73,12,50,70,27,78,68,32
9,41,4,40,11,85,59,74,51,90
76,52,56,50,53,1,8,10,70,64
41,74,12,49,74,6,13,27,99,34
96,11,30,27,16,79,29,89,12,80
32,61,24,90,76,85,20,63,36,52
96,76,9,0,79,77,84,35,28,55
6,41,43,69,69,88,35,9,76,18
84,79,29,61,77,4,0,95,39,39
20,91,34,10,27,33,86,54,35,16
96,26,51,27,93,5,99,31,91,6
6,77,95,5,20,85,84,42,28,13
90,58,21,64,85,37,20,35,23,21
45,52,66,96,16,74,53,63,64,96
14,44,11,79,11,53,85,16,34,96
60,34,73,85,77,74,0,65,0,36
78,61,24,34,43,4,3,1,5,57
71,41,43,71,0,1,73,43,99,78
52,49,84,13,77,14,48,10,2,23
72,24,36,98,71,71,82,23,60,72
69,81,34,87,35,80,13,33,24,14
64,0,83,86,41,69,21,99,4,62
55,68,77,26,91,90,60,68,5,7
83,55,64,78,75,94,100,60,98,0
20,57,100,98,72,5,55,83,91,11
83,99,1,41,3,10,61,66,7,74
20,24,17,83,4,84,78,35,18,75
44,90,54,5,48,58,78,23,96,28
36,7,41,84,60,65,85,27,79,39
37,46,38,71,62,66,74,67,62,25
23,63,86,18,71,30,47,78,78,55
86,13,47,59,48,25,97,37,94,16
3,100,91,27,37,44,95,47,33,20
82,4,63,21,49,9,85,55,31,14
32,94,50,41,14,76,8,74,5,85
26,18,9,77,14,79,90,64,60,70
29,48,39,62,22,71,11,19,57,80
87,3,66,96,89,57,85,98,26,75
24,67,8,27,56,97,5,9,16,26
54,27,63,8,27,16,94,27,31,87
92,62,57,12,93,28,69,18,74,2
61,69,26,3,6,97,86,13,17,10
76,56,94,66,76,72,16,22,73,23
49,67,8,83,76,67,77,29,4,72
31,38,0,38,23,61,43,58,82,4
10,31,43,19,6,37,93,22,73,97
51,53,42,25,47,10,64,65,3,83
12,42,35,6,86,67,95,89,28,8
43,71,17,43,98,90,0,76,23,76
49,50,87,95,33,51,30,59,13,26
63,61,21,87,66,25,13,39,77,71
36,50,64,22,83,34,42,80,67,29
84,59,12,23,19,64,40,69,84,87
62,20,100,71,68,3,33,49,8,2
5,29,67,63,85,48,37,22,69,2
32,30,53,69,81,9,60,74,48,21
28,62,13,26,23,98,43,22,85,19
69,57,19,69,93,58,5,21,56,100
70,91,23,23,44,2,65,37,73,76
88,33,39,61,58,59,63,92,9,6
24,70,13,84,26,24,76,75,73,87
77,33,83,32,14,71,42,53,7,25
30,38,86,50,24,11,21,69,64,44
60,96,84,28,46,43,3,87,64,12
63,99,99,68,1,90,73,72,38,26
82,25,44,15,17,18,37,42,67,42
50,20,48,27,49,75,65,99,64,51
70,64,97,87,5,20,90,50,25,17
79,92,4,12,94,94,99,41,20,41
62,79,96,20,98,79,10,5,73,33
8,42,30,7,12,47,69,25,95,29
78,54,38,98,87,32,21,69,58,86
74,57,10,14,16,41,25,19,76,59
49,32,82,35,2,30,62,48,47,1
43,64,13,41,12,52,12,4,6,9
70,40,57,26,70,47,37,86,69,98
11,85,70,22,17,60,7,13,81,67
16,83,66,45,80,75,37,25,62,53
99,42,14,65,48,82,11,47,90,11
92,49,2,81,98,72,50,24,66,93
17,82,24,35,39,92,49,92,2,100
10,70,8,3,69,88,94,19,44,66
55,93,18,76,68,61,74,66,44,38
75,60,5,6,17,96,74,5,83,72
32,72,57,5,37,25,82,66,16,87
43,43,89,17,68,92,63,35,39,70
43,14,94,69,65,48,59,23,13,66
97,56,62,38,87,89,12,78,93,0
57,88,6,97,82,8,24,67,39,29
79,30,98,52,23,25,99,83,65,79
6,95,51,76,2,36,1,5,38,0
35,12,44,56,91,69,21,99,76,29
89,25,86,38,95,59,97,90,64,11
54,97,38,13,95,22,42,52,66,40
11,100,17,90,19,41,60,92,40,89
94,14,43,84,6,60,51,14,47,79
30,37,49,63,38,79,1,42,11,58
39,71,80,15,25,55,97,44,29,60
33,9,63,85,86,55,98,62,22,37
79,47,69,2,89,25,31,93,11,82
22,70,45,19,53,73,31,73,50,18
39,90,35,76,58,90,57,66,34,100
74,86,47,39,22,9,74,62,33,47
80,40,70,78,100,37,53,19,15,51
90,63,44,54,56,33,18,58,75,8
78,90,18,79,90,18,89,99,86,98
66,38,88,61,76,16,65,14,19,3
79,57,21,73,42,63,39,8,66,77
28,9,88,77,52,13,83,60,64,11
77,86,28,49,89,95,97,1,74,40
73,45,37,45,98,71,36,40,23,23
96,7,47,52,79,72,47,19,13,13
82,78,81,71,58,29,83,71,98,61
1,81,80,18,20,96,67,36,67,10
74,83,86,40,46,59,76,41,88,33
90,73,17,69,55,83,24,34,27,40
36,16,12,18,84,10,58,38,11,34
32,39,20,9,37,83,34,92,62,21
17,93,5,83,41,99,13,5,46,47
25,34,28,75,49,81,8,72,61,95
99,77,23,40,32,54,87,81,33,81
90,21,25,61,38,60,81,98,86,59
91,87,78,3,35,17,43,98,22,47
5,87,70,95,100,19,34,6,86,33
40,88,79,47,28,78,3,60,79,82
6,82,35,30,96,96,45,67,82,84
75,95,80,62,88,7,68,36,33,27
29,11,45,1,73,14,51,69,64,36
26,11,80,76,21,93,12,12,55,1
9,39,54,39,18,70,20,86,51,84
25,4,18,86,59,76,36,64,7,64
44,0,45,62,32,12,82,86,29,30
51,98,0,18,100,86,84,75,84,63
89,80,45,66,60,55,80,50,97,91
46,15,24,20,43,61,99,43,7,94
43,9,10,88,24,15,78,97,7,30
87,92,35,67,57,77,94,10,43,76
95,31,71,27,38,74,43,6,60,44
15,0,84,85,64,10,58,66,72,52
3,77,90,33,73,15,89,70,75,88
22,9,94,64,19,99,7,50,86,91
24,21,79,92,5,95,35,32,94,76
39,46,46,64,1,65,12,76,53,95
19,48,75,83,62,35,33,99,33,35
51,37,69,45,56,68,48,60,65,63
20,40,42,9,98,48,66,77,52,5
70,18,23,41,99,67,60,72,11,74
2,76,59,98,18,9,13,58,42,52
63,45,97,49,89,22,20,77,90,1
94,38,24,79,52,57,24,19,74,33
25,49,27,82,70,18,13,52,18,58
18,57,50,14,75,68,68,98,26,2
83,3,93,7,71,32,19,1,94,17
23,44,39,7,31,69,83,70,56,35
51,34,61,80,88,92,75,6,12,64
20,96,67,24,98,13,60,34,50,1
92,0,23,3,75,13,14,61,21,23
63,57,76,43,51,80,15,85,40,98
79,59,21,63,97,19,16,55,40,31
28,58,27,98,29,79,23,43,0,7
2,7,53,43,11,44,79,91,77,91
40,0,89,53,86,98,67,82,74,21
94,37,88,7,16,12,70,75,13,60
44,52,72,93,25,26,53,80,91,95
22,7,50,24,64,100,88,4,56,67
7,91,85,100,9,99,74,74,89,79
18,69,6,12,52,98,96,44,45,84
49,8,10,75,10,84,48,49,5,8
28,52,4,22,29,84,12,91,10,58
